{"epoch": 7, "avg_loss": 0.20134298232468692, "_runtime": 57, "_timestamp": 1645583893, "_step": 12, "lr": 2.5e-05, "PSNR": 10.284862518310547, "_wandb": {"runtime": 57}}