{"epoch": 23, "avg_loss": 0.06543171744454991, "_runtime": 557, "_timestamp": 1646277437, "_step": 44, "lr": 0.0001, "PSNR": 17.344852447509766, "_wandb": {"runtime": 569}}