{"epoch": 13, "avg_loss": 0.07566261630166661, "_runtime": 100, "_timestamp": 1645581955, "_step": 25, "lr": 0.0001, "PSNR": 18.09425163269043, "_wandb": {"runtime": 101}}