{"epoch": 9, "avg_loss": 0.09064385159449144, "_runtime": 71, "_timestamp": 1645583303, "_step": 17, "lr": 0.0001, "PSNR": 17.650245666503906, "_wandb": {"runtime": 75}}