{"epoch": 9, "avg_loss": 0.08361841060898521, "_runtime": 106, "_timestamp": 1646012949, "_step": 17, "lr": 0.0001, "PSNR": 17.757076263427734, "_wandb": {"runtime": 109}}