{"epoch": 7, "avg_loss": 0.10146889361468228, "_runtime": 58, "_timestamp": 1645583468, "_step": 13, "lr": 0.0001, "PSNR": 17.71455955505371, "_wandb": {"runtime": 62}}