{"epoch": 4, "avg_loss": 0.38744845444505865, "_runtime": 277, "_timestamp": 1645712579, "_step": 6, "lr": 0.0001, "PSNR": 6.0727128982543945, "_wandb": {"runtime": 334}}