{"epoch": 1, "avg_loss": 0.38698405275742215, "_runtime": 115, "_timestamp": 1646401000, "_step": 1, "lr": 0.0001, "PSNR": 7.498795986175537, "_wandb": {"runtime": 118}}