{"epoch": 35, "avg_loss": 0.06053929742087017, "_runtime": 252, "_timestamp": 1645622652, "_step": 69, "lr": 0.0001, "PSNR": 19.371362686157227, "_wandb": {"runtime": 249}}