{"epoch": 12, "avg_loss": 0.07722946391864256, "_runtime": 91, "_timestamp": 1645582598, "_step": 23, "lr": 0.0001, "PSNR": 18.548763275146484, "_wandb": {"runtime": 94}}